old_url,new_url,status,reason
https://securetools.app/,https://securetools.app/,no_redirect,The apex root becomes the Hub and must not redirect
https://securetools.app/about/,https://tools.securetools.app/about/,301,Historical apex URL; direct canonical tools-host target
https://securetools.app/privacy/,https://tools.securetools.app/privacy/,301,Historical apex URL; direct canonical tools-host target
https://securetools.app/tools/pdf/,https://tools.securetools.app/pdf/,301,Historical apex URL; direct v2.2 canonical target; tools-host legacy URL retains 308 support
https://securetools.app/tools/pdf/images-to-pdf/,https://tools.securetools.app/pdf/images-to-pdf/,301,Historical apex URL; direct v2.2 canonical target; tools-host legacy URL retains 308 support
https://securetools.app/tools/pdf/merge/,https://tools.securetools.app/pdf/merge/,301,Historical apex URL; direct v2.2 canonical target; tools-host legacy URL retains 308 support
https://securetools.app/tools/pdf/split/,https://tools.securetools.app/pdf/split/,301,Historical apex URL; direct v2.2 canonical target; tools-host legacy URL retains 308 support
https://securetools.app/tools/pdf/organize/,https://tools.securetools.app/pdf/organize/,301,Historical apex URL; direct v2.2 canonical target; tools-host legacy URL retains 308 support
https://securetools.app/tools/pdf/to-images/,https://tools.securetools.app/pdf/to-images/,301,Historical apex URL; direct v2.2 canonical target; tools-host legacy URL retains 308 support
https://securetools.app/tools/pdf/metadata/,https://tools.securetools.app/pdf/metadata/,301,Historical apex URL; direct v2.2 canonical target; tools-host legacy URL retains 308 support
https://securetools.app/tools/image/,https://tools.securetools.app/image/,301,Historical apex URL; direct v2.2 canonical target; tools-host legacy URL retains 308 support
https://securetools.app/tools/image/converter/,https://tools.securetools.app/image/converter/,301,Historical apex URL; direct v2.2 canonical target; tools-host legacy URL retains 308 support
https://securetools.app/tools/image/resize/,https://tools.securetools.app/image/resize/,301,Historical apex URL; direct v2.2 canonical target; tools-host legacy URL retains 308 support
https://securetools.app/tools/image/compress/,https://tools.securetools.app/image/compress/,301,Historical apex URL; direct v2.2 canonical target; tools-host legacy URL retains 308 support
https://securetools.app/tools/image/metadata/,https://tools.securetools.app/image/metadata/,301,Historical apex URL; direct v2.2 canonical target; tools-host legacy URL retains 308 support
https://securetools.app/tools/privacy/,https://tools.securetools.app/privacy/,301,Historical apex URL; direct v2.2 canonical target; tools-host legacy URL retains 308 support
https://securetools.app/tools/scan/,https://tools.securetools.app/scan/,301,Historical apex URL; direct v2.2 canonical target; tools-host legacy URL retains 308 support; unavailable category remains unpublished
https://securetools.app/tools/media/,https://tools.securetools.app/media/,301,Historical apex URL; direct v2.2 canonical target; tools-host legacy URL retains 308 support; unavailable category remains unpublished
https://securetools.app/tools/image-to-pdf/,https://tools.securetools.app/pdf/images-to-pdf/,301,Historical apex URL; direct v2.2 canonical target; tools-host legacy URL retains 308 support
